{"loss": [3.9893851280212402, 1.727744460105896, 1.070341944694519, 1.0387259721755981, 1.0318201780319214, 0.9956966638565063, 1.0033797025680542, 0.9834179282188416, 0.9729796648025513, 0.9741811752319336, 0.995878279209137, 0.9815845489501953, 1.0114575624465942, 0.9657840728759766, 0.9678843021392822, 0.9680089950561523, 0.961661696434021, 0.9653937220573425, 0.9716538786888123, 0.9625371098518372, 0.942644476890564, 0.9747202396392822, 0.9644567966461182, 0.9697895050048828, 0.9466979503631592, 0.9506051540374756, 0.9537903070449829, 0.9492573142051697, 0.9503974318504333, 0.9334023594856262], "accuracy": [0.5168269276618958, 0.5637019276618958, 0.5612980723381042, 0.557692289352417, 0.5216346383094788, 0.520432710647583, 0.551682710647583, 0.5456730723381042, 0.5661057829856873, 0.5588942170143127, 0.5769230723381042, 0.5697115659713745, 0.5552884340286255, 0.5757211446762085, 0.5625, 0.588942289352417, 0.5625, 0.551682710647583, 0.573317289352417, 0.5625, 0.629807710647583, 0.5757211446762085, 0.5865384340286255, 0.5757211446762085, 0.5973557829856873, 0.5901442170143127, 0.582932710647583, 0.5925480723381042, 0.5745192170143127, 0.5841346383094788], "val_loss": [1.3756459951400757, 0.9591824412345886, 0.9533854126930237, 0.9549574851989746, 0.9562664031982422, 0.9573773741722107, 0.9560722708702087, 0.952711284160614, 0.9587802886962891, 0.9497337937355042, 0.9451484680175781, 0.9411260485649109, 0.9433090090751648, 0.9485072493553162, 0.9498611092567444, 0.9411510825157166, 0.9308981895446777, 0.9313931465148926, 0.9324727654457092, 0.934845507144928, 0.92412930727005, 0.9240114092826843, 0.9221447110176086, 0.926992654800415, 0.9219124913215637, 0.9166064262390137, 0.9078890681266785, 0.9041374325752258, 0.8950119614601135, 0.9080147743225098], "val_accuracy": [0.6145833134651184, 0.640625, 0.609375, 0.6041666865348816, 0.6197916865348816, 0.6145833134651184, 0.6302083134651184, 0.671875, 0.59375, 0.6145833134651184, 0.640625, 0.6145833134651184, 0.609375, 0.6197916865348816, 0.6354166865348816, 0.65625, 0.6614583134651184, 0.65625, 0.65625, 0.6614583134651184, 0.6770833134651184, 0.6875, 0.6614583134651184, 0.6822916865348816, 0.6822916865348816, 0.6770833134651184, 0.7083333134651184, 0.7291666865348816, 0.71875, 0.6666666865348816]}