{"loss": [6.933856010437012, 7.508862495422363, 6.458748817443848, 5.44824743270874, 4.618627071380615, 4.0187153816223145, 3.6567912101745605, 3.4315857887268066, 3.372861623764038, 3.3103370666503906, 3.2635653018951416, 3.2216475009918213, 3.152920961380005, 3.0887913703918457, 3.1409785747528076, 3.12164044380188, 3.1108953952789307, 3.0906014442443848, 3.1018245220184326, 3.0680367946624756, 3.0705373287200928, 3.0570144653320312, 3.0727336406707764, 3.062429904937744, 3.018873453140259, 3.083298683166504, 3.033888101577759, 3.0159389972686768, 3.0263211727142334, 3.0148279666900635], "accuracy": [0.542067289352417, 0.5600961446762085, 0.5793269276618958, 0.6129807829856873, 0.629807710647583, 0.6538461446762085, 0.6322115659713745, 0.667067289352417, 0.6538461446762085, 0.661057710647583, 0.661057710647583, 0.6538461446762085, 0.6730769276618958, 0.6899038553237915, 0.6995192170143127, 0.6646634340286255, 0.6778846383094788, 0.6971153616905212, 0.6658653616905212, 0.6634615659713745, 0.6754807829856873, 0.6875, 0.6850961446762085, 0.6899038553237915, 0.7103365659713745, 0.6694711446762085, 0.6850961446762085, 0.6911057829856873, 0.682692289352417, 0.7091346383094788], "val_loss": [8.601353645324707, 4.897850036621094, 4.798319339752197, 4.30831241607666, 3.772801399230957, 3.457695960998535, 3.2807400226593018, 3.2332441806793213, 3.179793119430542, 3.1177825927734375, 3.1021931171417236, 3.053436279296875, 3.054835557937622, 3.1194827556610107, 3.094585418701172, 3.0266940593719482, 3.0424845218658447, 3.000682830810547, 3.0157289505004883, 3.0204694271087646, 3.0416371822357178, 3.026916265487671, 3.0144166946411133, 2.99465274810791, 2.9954707622528076, 2.984713554382324, 2.9844839572906494, 2.9749536514282227, 2.9786794185638428, 2.9799091815948486], "val_accuracy": [0.4895833432674408, 0.703125, 0.6302083134651184, 0.6979166865348816, 0.640625, 0.65625, 0.6927083134651184, 0.6927083134651184, 0.6770833134651184, 0.671875, 0.6927083134651184, 0.6927083134651184, 0.703125, 0.6510416865348816, 0.671875, 0.7135416865348816, 0.6875, 0.7135416865348816, 0.7395833134651184, 0.6770833134651184, 0.6614583134651184, 0.65625, 0.6614583134651184, 0.734375, 0.671875, 0.7291666865348816, 0.6875, 0.6875, 0.6875, 0.703125]}