{"loss": [4.502498149871826, 4.638570785522461, 3.2693989276885986, 1.9830567836761475, 1.2546939849853516, 1.0345815420150757, 0.8345131278038025, 0.8260020017623901, 0.7955096364021301, 0.7555932998657227, 0.7495408654212952, 0.7271155714988708, 0.7551555037498474, 0.743466317653656, 0.7607250213623047, 0.7432914972305298, 0.7331717014312744, 0.7020671367645264, 0.7217445969581604, 0.7059118747711182, 0.7043502330780029, 0.7120481133460999, 0.7083508968353271, 0.7138539552688599], "accuracy": [0.5276442170143127, 0.47235578298568726, 0.510817289352417, 0.536057710647583, 0.526442289352417, 0.5096153616905212, 0.5276442170143127, 0.5348557829856873, 0.5384615659713745, 0.5300480723381042, 0.5372596383094788, 0.5649038553237915, 0.526442289352417, 0.5528846383094788, 0.542067289352417, 0.515625, 0.546875, 0.5612980723381042, 0.5276442170143127, 0.53125, 0.5288461446762085, 0.5396634340286255, 0.5709134340286255, 0.5504807829856873], "val_loss": [2.476628065109253, 1.1052684783935547, 0.8570296764373779, 0.6368008255958557, 0.6442919373512268, 0.6456856727600098, 0.669306218624115, 0.6669374108314514, 0.667787492275238, 0.6684785485267639, 0.6666715741157532, 0.6598522663116455, 0.6628511548042297, 0.6625087857246399, 0.6537261009216309, 0.6668522357940674, 0.6643980145454407, 0.6658340096473694, 0.6656845211982727, 0.6685602068901062, 0.6686117053031921, 0.661301851272583, 0.6547201871871948, 0.652862012386322], "val_accuracy": [0.5520833134651184, 0.6041666865348816, 0.546875, 0.6927083134651184, 0.578125, 0.6197916865348816, 0.625, 0.65625, 0.6197916865348816, 0.640625, 0.6510416865348816, 0.6770833134651184, 0.625, 0.6145833134651184, 0.640625, 0.640625, 0.6614583134651184, 0.6458333134651184, 0.6510416865348816, 0.671875, 0.6354166865348816, 0.65625, 0.6614583134651184, 0.671875]}