{"loss": [3.030639410018921, 2.99861741065979, 2.980933666229248, 2.977030038833618, 2.9541075229644775, 2.9909002780914307, 2.9454495906829834, 2.9601058959960938, 2.91475510597229, 2.931140661239624, 2.8904240131378174, 2.8729641437530518, 2.8662338256835938, 2.8957114219665527, 2.8969972133636475, 2.837209939956665, 2.8473167419433594, 2.853701591491699, 2.827056884765625, 2.8148257732391357, 2.8111376762390137, 2.8109164237976074, 2.806124687194824, 2.785585641860962, 2.748934507369995, 2.7809360027313232, 2.792840003967285, 2.7420313358306885, 2.7056849002838135, 2.749763250350952, 2.725386381149292, 2.803522825241089, 2.709689140319824, 2.6752331256866455, 2.668445110321045, 2.684645414352417, 2.6762354373931885, 2.6607718467712402, 2.6359429359436035, 2.6350953578948975, 2.630096435546875, 2.617971181869507, 2.5770819187164307, 2.6226613521575928, 2.596172332763672, 2.6379480361938477, 2.595648765563965, 2.61139178276062, 2.6497883796691895, 2.5633134841918945, 2.5638608932495117, 2.5780820846557617, 2.5973422527313232, 2.5968306064605713, 2.5484728813171387, 2.5542047023773193, 2.544224977493286, 2.51485013961792, 2.5404629707336426, 2.5302164554595947, 2.5237631797790527, 2.5153756141662598, 2.5376598834991455], "accuracy": [0.6887019276618958, 0.6947115659713745, 0.7127403616905212, 0.707932710647583, 0.7271634340286255, 0.6887019276618958, 0.7283653616905212, 0.7319711446762085, 0.7596153616905212, 0.7427884340286255, 0.7584134340286255, 0.7884615659713745, 0.817307710647583, 0.7644230723381042, 0.770432710647583, 0.8028846383094788, 0.792067289352417, 0.7992788553237915, 0.817307710647583, 0.8209134340286255, 0.817307710647583, 0.8293269276618958, 0.8052884340286255, 0.8401442170143127, 0.859375, 0.84375, 0.8305288553237915, 0.8557692170143127, 0.875, 0.8653846383094788, 0.8665865659713745, 0.8137019276618958, 0.8677884340286255, 0.8966346383094788, 0.8930288553237915, 0.8846153616905212, 0.8930288553237915, 0.8990384340286255, 0.9002403616905212, 0.9134615659713745, 0.9122596383094788, 0.9182692170143127, 0.9362980723381042, 0.9206730723381042, 0.9338942170143127, 0.9146634340286255, 0.926682710647583, 0.926682710647583, 0.8918269276618958, 0.9471153616905212, 0.9435096383094788, 0.942307710647583, 0.9254807829856873, 0.9338942170143127, 0.948317289352417, 0.9507211446762085, 0.957932710647583, 0.96875, 0.9471153616905212, 0.9567307829856873, 0.957932710647583, 0.9663461446762085, 0.9495192170143127], "val_loss": [2.994860887527466, 2.950571060180664, 2.9871952533721924, 2.9364521503448486, 2.9442434310913086, 2.91815447807312, 2.900153875350952, 2.8751003742218018, 2.85542893409729, 2.8762423992156982, 2.853533983230591, 2.8476173877716064, 2.8416459560394287, 2.880216598510742, 2.897388458251953, 2.897529363632202, 2.8831920623779297, 2.911055564880371, 3.0095250606536865, 2.9304800033569336, 2.8837740421295166, 2.846857786178589, 2.865496873855591, 2.8749186992645264, 2.8767385482788086, 3.0117924213409424, 2.961939811706543, 2.85517954826355, 2.906456708908081, 2.8860933780670166, 2.9796359539031982, 2.8822505474090576, 2.9445455074310303, 2.9324791431427, 3.031635046005249, 3.0151712894439697, 2.9999454021453857, 3.034458875656128, 2.9585015773773193, 2.9913227558135986, 3.278986692428589, 2.9896135330200195, 3.0755741596221924, 3.0079376697540283, 3.053330183029175, 2.9946911334991455, 2.9788055419921875, 3.6435508728027344, 3.013470411300659, 3.031999349594116, 3.025782823562622, 3.1942739486694336, 3.0268611907958984, 3.0703322887420654, 3.144218683242798, 3.252117156982422, 3.1239030361175537, 3.0664331912994385, 3.0703723430633545, 3.068079948425293, 3.1613972187042236, 3.1932737827301025, 3.0432512760162354], "val_accuracy": [0.7135416865348816, 0.734375, 0.71875, 0.7604166865348816, 0.7447916865348816, 0.7395833134651184, 0.765625, 0.7864583134651184, 0.7604166865348816, 0.7552083134651184, 0.7708333134651184, 0.7864583134651184, 0.7708333134651184, 0.78125, 0.75, 0.7760416865348816, 0.7552083134651184, 0.7708333134651184, 0.7604166865348816, 0.7552083134651184, 0.7552083134651184, 0.8072916865348816, 0.78125, 0.796875, 0.8020833134651184, 0.7708333134651184, 0.7760416865348816, 0.7864583134651184, 0.78125, 0.7604166865348816, 0.7395833134651184, 0.7708333134651184, 0.8072916865348816, 0.796875, 0.7760416865348816, 0.765625, 0.7916666865348816, 0.7604166865348816, 0.796875, 0.796875, 0.7291666865348816, 0.7916666865348816, 0.796875, 0.8125, 0.796875, 0.796875, 0.8177083134651184, 0.7083333134651184, 0.7864583134651184, 0.796875, 0.8177083134651184, 0.7708333134651184, 0.796875, 0.7916666865348816, 0.8072916865348816, 0.7708333134651184, 0.796875, 0.8020833134651184, 0.8072916865348816, 0.8125, 0.796875, 0.8020833134651184, 0.796875]}