{"loss": [4.18130350112915, 1.045204520225525, 0.760245680809021, 0.7115752696990967, 0.708256721496582, 0.7035725116729736, 0.723159909248352, 0.7084407806396484, 0.6806228160858154, 0.6918360590934753, 0.7074899077415466, 0.6809651255607605, 0.6884559392929077, 0.6798779964447021, 0.6889598965644836, 0.6837683916091919, 0.6864692568778992, 0.6807978749275208, 0.6755608320236206, 0.6729738116264343, 0.6660261750221252, 0.6623245477676392, 0.6730374693870544, 0.6705044507980347, 0.6679719686508179, 0.6633074879646301, 0.6547986268997192, 0.6607170701026917, 0.6658900380134583, 0.637988269329071, 0.6549658179283142, 0.6567032933235168, 0.6518828868865967, 0.6525908708572388, 0.6512640714645386, 0.6508665680885315, 0.6407773494720459, 0.6460250020027161, 0.646661102771759, 0.6662735342979431, 0.6491963863372803, 0.6498896479606628, 0.6396191120147705, 0.6361708045005798, 0.6464039087295532, 0.6402578949928284, 0.6293681859970093, 0.6168590188026428, 0.6297765970230103, 0.6339473128318787], "accuracy": [0.5099750757217407, 0.5148147940635681, 0.4987531304359436, 0.5448877811431885, 0.5211970210075378, 0.5361595749855042, 0.524937629699707, 0.5149626135826111, 0.5486284494400024, 0.5523690581321716, 0.5386533737182617, 0.5635910034179688, 0.5685785412788391, 0.5685785412788391, 0.5648379325866699, 0.5810473561286926, 0.532418966293335, 0.5660848021507263, 0.5698254108428955, 0.5773067474365234, 0.5922693014144897, 0.6072319149971008, 0.6072319149971008, 0.5910224318504333, 0.5885286927223206, 0.5872818231582642, 0.5985037684440613, 0.6097257137298584, 0.5947631001472473, 0.6221945285797119, 0.6022443771362305, 0.6284289360046387, 0.5922693014144897, 0.6084787845611572, 0.614713191986084, 0.6072319149971008, 0.6309226751327515, 0.6134663224220276, 0.6246882677078247, 0.614713191986084, 0.6296758055686951, 0.614713191986084, 0.6259351372718811, 0.6246882677078247, 0.6246882677078247, 0.6111111044883728, 0.6371570825576782, 0.6456789970397949, 0.6558603644371033, 0.6134663224220276], "val_loss": [1.3394571542739868, 0.7172428369522095, 0.709285318851471, 0.7000970840454102, 0.6900284886360168, 0.6931893825531006, 0.6999344825744629, 0.696864664554596, 0.7058669328689575, 0.6897367238998413, 0.6965412497520447, 0.6886231899261475, 0.6880409121513367, 0.6846446990966797, 0.6859479546546936, 0.6906219720840454, 0.7042691707611084, 0.6993264555931091, 0.6870774030685425, 0.6835169196128845, 0.6682133078575134, 0.6730121374130249, 0.6710235476493835, 0.6798231601715088, 0.6993237137794495, 0.6755577325820923, 0.6859615445137024, 0.686583936214447, 0.6732730269432068, 0.6627064347267151, 0.6967335343360901, 0.6816653609275818, 0.6778271198272705, 0.6761859059333801, 0.680137038230896, 0.6661007404327393, 0.6675894260406494, 0.6482324004173279, 0.6741483211517334, 0.6749061346054077, 0.6449061632156372, 0.6582285761833191, 0.6484292149543762, 0.6612571477890015, 0.6410068273544312, 0.6451740264892578, 0.6461324095726013, 0.6485071778297424, 0.6471805572509766, 0.6466456055641174], "val_accuracy": [0.4333333373069763, 0.5611110925674438, 0.5222222208976746, 0.5444444417953491, 0.5277777910232544, 0.5444444417953491, 0.5333333611488342, 0.5388888716697693, 0.5166666507720947, 0.550000011920929, 0.5388888716697693, 0.5777778029441833, 0.550000011920929, 0.550000011920929, 0.5277777910232544, 0.5166666507720947, 0.5166666507720947, 0.5277777910232544, 0.5277777910232544, 0.5111111402511597, 0.5611110925674438, 0.5888888835906982, 0.5944444537162781, 0.550000011920929, 0.5166666507720947, 0.5388888716697693, 0.5388888716697693, 0.5444444417953491, 0.5722222328186035, 0.5722222328186035, 0.5333333611488342, 0.5833333134651184, 0.5555555820465088, 0.5666666626930237, 0.5833333134651184, 0.5666666626930237, 0.5666666626930237, 0.6000000238418579, 0.5833333134651184, 0.550000011920929, 0.6111111044883728, 0.5944444537162781, 0.5722222328186035, 0.550000011920929, 0.6222222447395325, 0.5944444537162781, 0.605555534362793, 0.6166666746139526, 0.6000000238418579, 0.5666666626930237]}