{"loss": [0.9449838995933533, 0.9551255106925964, 0.9556934833526611, 0.9367800354957581, 0.9492830038070679, 0.9209476709365845, 0.9161274433135986, 0.9086815714836121, 0.9009870886802673, 0.8958932161331177, 0.9136267900466919, 0.9001513123512268, 0.8849390745162964, 0.8834123015403748, 0.8596623539924622, 0.8624554872512817, 0.8645270466804504, 0.847167432308197, 0.8643856048583984, 0.8705554604530334, 0.8299201130867004, 0.8185808658599854, 0.8245207071304321, 0.8177917003631592, 0.8159499764442444, 0.8272033929824829, 0.7984986901283264, 0.7629747986793518, 0.7542178630828857, 0.7899932265281677, 0.79664546251297, 0.7646394968032837, 0.7585697174072266, 0.7098725438117981, 0.7204023599624634, 0.7352795004844666, 0.6944935321807861, 0.7019017338752747, 0.729649543762207, 0.6475480794906616, 0.6918704509735107, 0.6781570911407471, 0.6561036705970764, 0.6446417570114136, 0.6458885669708252, 0.6571313142776489, 0.5910017490386963, 0.6132786273956299, 0.6173438429832458, 0.586016058921814, 0.5811831951141357, 0.5879468321800232, 0.5682192444801331, 0.5701126456260681, 0.5708973407745361, 0.561087965965271, 0.6200104355812073, 0.5378366112709045, 0.554984450340271, 0.5056726336479187, 0.49412065744400024, 0.5227706432342529, 0.5404070019721985, 0.5032439827919006, 0.4456031024456024, 0.6071107387542725, 0.5876114368438721, 0.48797523975372314, 0.555500328540802, 0.47644922137260437, 0.4526320695877075, 0.5015652775764465, 0.42110076546669006, 0.43359360098838806, 0.4306125044822693, 0.43864086270332336, 0.4820590019226074, 0.576530396938324, 0.4699666202068329, 0.3999313712120056, 0.41109129786491394, 0.4097968339920044, 0.40342840552330017, 0.37867096066474915, 0.4074333906173706, 0.3985521197319031, 0.3976813852787018, 0.40075382590293884], "accuracy": [0.5901442170143127, 0.5973557829856873, 0.578125, 0.6081730723381042, 0.6021634340286255, 0.629807710647583, 0.6382211446762085, 0.6382211446762085, 0.6526442170143127, 0.6682692170143127, 0.6694711446762085, 0.645432710647583, 0.671875, 0.6598557829856873, 0.6935096383094788, 0.7067307829856873, 0.6995192170143127, 0.6802884340286255, 0.6899038553237915, 0.6838942170143127, 0.7067307829856873, 0.7331730723381042, 0.7247596383094788, 0.7211538553237915, 0.7524038553237915, 0.729567289352417, 0.7379807829856873, 0.7800480723381042, 0.78125, 0.760817289352417, 0.7427884340286255, 0.754807710647583, 0.7740384340286255, 0.8100961446762085, 0.796875, 0.796875, 0.8245192170143127, 0.8100961446762085, 0.7752403616905212, 0.8293269276618958, 0.823317289352417, 0.8209134340286255, 0.8221153616905212, 0.8377403616905212, 0.8401442170143127, 0.8353365659713745, 0.870192289352417, 0.8497596383094788, 0.848557710647583, 0.8725961446762085, 0.8737980723381042, 0.8762019276618958, 0.8846153616905212, 0.8786057829856873, 0.8762019276618958, 0.885817289352417, 0.8665865659713745, 0.9074519276618958, 0.8870192170143127, 0.9134615659713745, 0.917067289352417, 0.9038461446762085, 0.901442289352417, 0.9230769276618958, 0.9447115659713745, 0.8834134340286255, 0.8810096383094788, 0.917067289352417, 0.8942307829856873, 0.9314903616905212, 0.942307710647583, 0.9074519276618958, 0.957932710647583, 0.9399038553237915, 0.9411057829856873, 0.9411057829856873, 0.9314903616905212, 0.8822115659713745, 0.9435096383094788, 0.963942289352417, 0.9543269276618958, 0.9543269276618958, 0.9567307829856873, 0.9711538553237915, 0.9555288553237915, 0.9627403616905212, 0.9627403616905212, 0.9603365659713745], "val_loss": [0.896310031414032, 0.8814089894294739, 0.8956909775733948, 0.8958989977836609, 0.8852247595787048, 0.8639385104179382, 0.8357585072517395, 0.8513379693031311, 0.8475542664527893, 0.8740191459655762, 0.8540810942649841, 0.8185033798217773, 0.7945364117622375, 0.7973230481147766, 0.7773181796073914, 0.7658074498176575, 0.771213948726654, 0.7664229273796082, 0.7949531674385071, 0.7652273774147034, 0.7830660343170166, 0.9102855324745178, 0.758248507976532, 0.815209150314331, 0.7486724853515625, 0.8041418194770813, 0.7401372790336609, 0.7357236742973328, 0.726878821849823, 0.817524254322052, 0.7715957760810852, 0.7379245758056641, 0.7401864528656006, 0.7254155278205872, 0.7227305769920349, 0.7125558257102966, 0.7670444846153259, 0.7093943953514099, 0.7217532992362976, 0.7335543632507324, 0.756438672542572, 0.7407898902893066, 0.7521169781684875, 0.8035399913787842, 0.768713653087616, 0.778461754322052, 0.8186606764793396, 0.8887569904327393, 0.8348395824432373, 0.8792016506195068, 0.9221050143241882, 1.1339977979660034, 0.8064050674438477, 1.0560907125473022, 0.8189323544502258, 0.895817220211029, 0.7939618229866028, 0.8836135268211365, 0.8685659766197205, 0.9972233772277832, 0.8770868182182312, 1.0155874490737915, 1.032607913017273, 0.8897671699523926, 1.0447304248809814, 0.8818802237510681, 0.8933405876159668, 0.9616981148719788, 0.8318950533866882, 0.986933171749115, 1.02538001537323, 0.9735644459724426, 1.0284167528152466, 1.0148717164993286, 1.1716229915618896, 1.0458580255508423, 1.1722383499145508, 0.8475818037986755, 0.9761290550231934, 1.0250537395477295, 1.0358381271362305, 1.05681574344635, 1.0987154245376587, 1.1453940868377686, 1.1523823738098145, 1.159345269203186, 1.3081480264663696, 1.071117639541626], "val_accuracy": [0.6875, 0.734375, 0.7135416865348816, 0.7135416865348816, 0.65625, 0.6770833134651184, 0.734375, 0.6614583134651184, 0.6614583134651184, 0.6614583134651184, 0.640625, 0.703125, 0.7291666865348816, 0.734375, 0.7239583134651184, 0.7395833134651184, 0.765625, 0.7291666865348816, 0.7291666865348816, 0.765625, 0.7239583134651184, 0.640625, 0.7291666865348816, 0.7239583134651184, 0.7604166865348816, 0.7239583134651184, 0.7552083134651184, 0.7604166865348816, 0.7864583134651184, 0.7395833134651184, 0.7239583134651184, 0.765625, 0.78125, 0.7760416865348816, 0.7760416865348816, 0.75, 0.734375, 0.78125, 0.78125, 0.8072916865348816, 0.7760416865348816, 0.7864583134651184, 0.7864583134651184, 0.7916666865348816, 0.7864583134651184, 0.75, 0.7708333134651184, 0.7604166865348816, 0.765625, 0.7916666865348816, 0.7552083134651184, 0.7239583134651184, 0.8072916865348816, 0.734375, 0.796875, 0.765625, 0.7916666865348816, 0.7864583134651184, 0.7916666865348816, 0.7760416865348816, 0.796875, 0.7291666865348816, 0.765625, 0.796875, 0.765625, 0.7447916865348816, 0.7708333134651184, 0.78125, 0.7916666865348816, 0.7864583134651184, 0.7864583134651184, 0.765625, 0.7916666865348816, 0.8125, 0.765625, 0.8020833134651184, 0.7447916865348816, 0.7864583134651184, 0.7708333134651184, 0.8072916865348816, 0.8072916865348816, 0.8072916865348816, 0.8020833134651184, 0.7864583134651184, 0.796875, 0.78125, 0.7604166865348816, 0.8020833134651184]}