{"loss": [0.6457868218421936, 0.6378360390663147, 0.6198885440826416, 0.6311374306678772, 0.6390345692634583, 0.6163204312324524, 0.6026443243026733, 0.5948696136474609, 0.5923526883125305, 0.5821186304092407, 0.598587691783905, 0.5942592620849609, 0.5851957201957703, 0.566810131072998, 0.6154566407203674, 0.5576286911964417, 0.5441066026687622, 0.5451131463050842, 0.5668061971664429, 0.567052960395813, 0.5579307079315186, 0.5273827314376831, 0.5519463419914246, 0.5613328814506531, 0.5263717174530029, 0.5223128199577332, 0.5059273838996887, 0.502867579460144, 0.48381152749061584, 0.4862930178642273, 0.49835270643234253, 0.4628410041332245, 0.4558541476726532, 0.47566357254981995, 0.47569724917411804, 0.44662800431251526, 0.44966453313827515, 0.425088107585907, 0.4526381194591522, 0.4092913269996643, 0.4072677791118622, 0.4094333350658417, 0.4343266189098358, 0.4134490191936493, 0.398892343044281, 0.3679974675178528, 0.37050893902778625, 0.35368770360946655, 0.3347528278827667, 0.3657798767089844, 0.3720695376396179, 0.32901304960250854, 0.37370768189430237, 0.3587770164012909, 0.3312508165836334, 0.3314873278141022, 0.28364530205726624, 0.2985847592353821, 0.28765493631362915, 0.27505624294281006, 0.3053535223007202, 0.2758043706417084], "accuracy": [0.618453860282898, 0.618453860282898, 0.6508728265762329, 0.6346633434295654, 0.6271820664405823, 0.6384040117263794, 0.6530864238739014, 0.6882793307304382, 0.6546134948730469, 0.6733167171478271, 0.6745635867118835, 0.6770573854446411, 0.6758104562759399, 0.6995012760162354, 0.6571072340011597, 0.7032418847084045, 0.7107232213020325, 0.7418952584266663, 0.7107232213020325, 0.7069825530052185, 0.6957606077194214, 0.7049382925033569, 0.7169576287269592, 0.694513738155365, 0.723192036151886, 0.7369077205657959, 0.7643391489982605, 0.748129665851593, 0.7581047415733337, 0.7593516111373901, 0.7493765354156494, 0.7817955017089844, 0.7755610942840576, 0.7668328881263733, 0.7793017625808716, 0.7855361700057983, 0.7842893004417419, 0.7955112457275391, 0.780548632144928, 0.8192020058631897, 0.8304239511489868, 0.8172839283943176, 0.7905237078666687, 0.8204488754272461, 0.8142144680023193, 0.8316708207130432, 0.83790522813797, 0.8354114890098572, 0.8428927659988403, 0.8329176902770996, 0.8254364132881165, 0.8628429174423218, 0.8241895437240601, 0.8441396355628967, 0.8466334342956543, 0.8603491187095642, 0.8902742862701416, 0.8778054714202881, 0.8753117322921753, 0.881546139717102, 0.8591022491455078, 0.8902742862701416], "val_loss": [0.6294679641723633, 0.6278928518295288, 0.6054861545562744, 0.6402915120124817, 0.6249342560768127, 0.6539846062660217, 0.6367048621177673, 0.7448854446411133, 0.6914869546890259, 0.599341094493866, 0.5947655439376831, 0.6339609622955322, 0.6984021663665771, 0.6127297282218933, 0.6471363306045532, 0.6914211511611938, 0.7285109758377075, 0.6570226550102234, 0.5650625228881836, 0.5629907846450806, 0.5799750685691833, 0.8245809674263, 0.6699901819229126, 0.5819339156150818, 0.6418564319610596, 0.6885460019111633, 0.5725250840187073, 0.581629753112793, 0.6912825107574463, 0.561168909072876, 0.5379589796066284, 0.7429564595222473, 0.6042622327804565, 0.5451691746711731, 0.6033761501312256, 0.5320783853530884, 0.5238192081451416, 0.5653092861175537, 0.5471479892730713, 0.6556922197341919, 0.5997046828269958, 0.5139056444168091, 0.5437590479850769, 0.8614409565925598, 0.5341691374778748, 0.5822850465774536, 0.5870007276535034, 0.5479835867881775, 0.6331772208213806, 0.6196762323379517, 0.6445206999778748, 0.7110911011695862, 0.5641322135925293, 0.6821085214614868, 0.5605515837669373, 0.5452563166618347, 0.6364030241966248, 0.6355042457580566, 0.6425283551216125, 0.680307924747467, 0.6329183578491211, 0.6345362067222595], "val_accuracy": [0.6222222447395325, 0.6166666746139526, 0.644444465637207, 0.605555534362793, 0.6222222447395325, 0.6000000238418579, 0.6111111044883728, 0.5166666507720947, 0.6333333253860474, 0.6833333373069763, 0.6722221970558167, 0.5944444537162781, 0.550000011920929, 0.6611111164093018, 0.5777778029441833, 0.5777778029441833, 0.6166666746139526, 0.644444465637207, 0.7111111283302307, 0.699999988079071, 0.6833333373069763, 0.5944444537162781, 0.6388888955116272, 0.6777777671813965, 0.6833333373069763, 0.6555555462837219, 0.699999988079071, 0.6833333373069763, 0.6499999761581421, 0.7222222089767456, 0.7055555582046509, 0.6388888955116272, 0.7111111283302307, 0.7055555582046509, 0.7277777791023254, 0.75, 0.75, 0.7388888597488403, 0.75, 0.7277777791023254, 0.7611111402511597, 0.7833333611488342, 0.75, 0.6611111164093018, 0.7333333492279053, 0.7666666507720947, 0.7277777791023254, 0.7555555701255798, 0.7222222089767456, 0.7388888597488403, 0.7444444298744202, 0.7111111283302307, 0.7555555701255798, 0.7555555701255798, 0.7888888716697693, 0.7722222208976746, 0.7444444298744202, 0.7555555701255798, 0.7722222208976746, 0.7555555701255798, 0.7833333611488342, 0.7777777910232544]}