{"loss": [3.307328462600708, 0.9776319265365601, 0.7846440076828003, 0.7543169260025024, 0.7289601564407349, 0.6910260319709778, 0.6952632665634155, 0.7004884481430054, 0.6913684010505676, 0.6819750070571899, 0.6931241750717163, 0.6991052627563477, 0.6856554746627808, 0.7065991163253784, 0.6702445149421692, 0.6852403283119202, 0.6972213387489319, 0.6705729961395264, 0.6747890114784241, 0.6747817397117615, 0.6684579849243164, 0.6598999500274658, 0.6822512149810791, 0.6702941060066223, 0.670046865940094, 0.6817699074745178, 0.6698665618896484, 0.6697275638580322, 0.6710525155067444, 0.635627031326294, 0.6588936448097229, 0.6603708267211914, 0.6466805934906006, 0.647329568862915, 0.6383121013641357, 0.6344606876373291, 0.6342041492462158, 0.6280435919761658, 0.6354694366455078, 0.6407043933868408, 0.6381597518920898, 0.6304647922515869, 0.6236763000488281, 0.6321826577186584, 0.632157027721405, 0.6360746026039124, 0.6311193108558655, 0.6170932054519653, 0.6206644773483276, 0.6016538143157959], "accuracy": [0.5180288553237915, 0.5396634340286255, 0.5180288553237915, 0.5348557829856873, 0.5300480723381042, 0.5324519276618958, 0.5769230723381042, 0.5504807829856873, 0.582932710647583, 0.5552884340286255, 0.546875, 0.5528846383094788, 0.5649038553237915, 0.5480769276618958, 0.5697115659713745, 0.557692289352417, 0.5528846383094788, 0.5721153616905212, 0.5853365659713745, 0.5697115659713745, 0.5973557829856873, 0.5961538553237915, 0.582932710647583, 0.5913461446762085, 0.5865384340286255, 0.59375, 0.5913461446762085, 0.6117788553237915, 0.5805288553237915, 0.6370192170143127, 0.6153846383094788, 0.5913461446762085, 0.6286057829856873, 0.6021634340286255, 0.625, 0.6274038553237915, 0.620192289352417, 0.6430288553237915, 0.6213942170143127, 0.6274038553237915, 0.635817289352417, 0.640625, 0.6478365659713745, 0.645432710647583, 0.6442307829856873, 0.6262019276618958, 0.629807710647583, 0.6586538553237915, 0.6538461446762085, 0.6466346383094788], "val_loss": [0.892293393611908, 0.6845905780792236, 0.6882311701774597, 0.671245276927948, 0.675532341003418, 0.6710727214813232, 0.6653361916542053, 0.6659421324729919, 0.6554628014564514, 0.6388550400733948, 0.6577654480934143, 0.6522173881530762, 0.6545698642730713, 0.6478796601295471, 0.6464667320251465, 0.6422784328460693, 0.6449357867240906, 0.6340577602386475, 0.6226334571838379, 0.6254470348358154, 0.6359341144561768, 0.6200048923492432, 0.6191328167915344, 0.6212651133537292, 0.6126633286476135, 0.6006003618240356, 0.5971862077713013, 0.585515022277832, 0.5847064256668091, 0.5967477560043335, 0.5850581526756287, 0.5784017443656921, 0.5980058908462524, 0.6078888177871704, 0.5905577540397644, 0.5775715708732605, 0.5738890767097473, 0.570046067237854, 0.5720530152320862, 0.5690595507621765, 0.5630448460578918, 0.5615460872650146, 0.5593973994255066, 0.5646652579307556, 0.5735630393028259, 0.588964581489563, 0.56505286693573, 0.5460839867591858, 0.5671989321708679, 0.5453470349311829], "val_accuracy": [0.625, 0.5885416865348816, 0.5729166865348816, 0.5729166865348816, 0.5833333134651184, 0.5677083134651184, 0.6302083134651184, 0.6041666865348816, 0.6302083134651184, 0.6302083134651184, 0.578125, 0.6145833134651184, 0.578125, 0.6041666865348816, 0.6145833134651184, 0.65625, 0.625, 0.6614583134651184, 0.6770833134651184, 0.6822916865348816, 0.65625, 0.6875, 0.671875, 0.640625, 0.71875, 0.7395833134651184, 0.7552083134651184, 0.734375, 0.7291666865348816, 0.6927083134651184, 0.7395833134651184, 0.7291666865348816, 0.6875, 0.6822916865348816, 0.6927083134651184, 0.6875, 0.7135416865348816, 0.71875, 0.7083333134651184, 0.734375, 0.7395833134651184, 0.7083333134651184, 0.7135416865348816, 0.7083333134651184, 0.6979166865348816, 0.6822916865348816, 0.7135416865348816, 0.703125, 0.6875, 0.7083333134651184]}