{"loss": [0.6271393895149231, 0.61911541223526, 0.6005090475082397, 0.5991815328598022, 0.5926328897476196, 0.5828332304954529, 0.5740859508514404, 0.6097708940505981, 0.5757722854614258, 0.5709284543991089, 0.5574414134025574, 0.5337784290313721, 0.5503982901573181, 0.5348260998725891, 0.5595126152038574, 0.5051301717758179, 0.5106164813041687, 0.5189934372901917, 0.517581582069397, 0.5102037191390991, 0.5179420113563538, 0.4834511876106262, 0.48759838938713074, 0.467594176530838, 0.479699969291687, 0.45130524039268494, 0.4593869745731354, 0.43191736936569214, 0.40577542781829834, 0.4117475748062134, 0.4252864420413971, 0.4154333472251892, 0.39882320165634155, 0.38088369369506836, 0.37736672163009644, 0.3504628539085388, 0.3878222107887268, 0.3602197766304016, 0.3676477074623108, 0.3211118280887604, 0.36011600494384766, 0.2912197411060333, 0.2746276557445526, 0.358725905418396], "accuracy": [0.625, 0.6478365659713745, 0.6814903616905212, 0.6838942170143127, 0.6754807829856873, 0.6887019276618958, 0.7127403616905212, 0.6586538553237915, 0.713942289352417, 0.7019230723381042, 0.6995192170143127, 0.729567289352417, 0.713942289352417, 0.7163461446762085, 0.7067307829856873, 0.7536057829856873, 0.7367788553237915, 0.7403846383094788, 0.7271634340286255, 0.7463942170143127, 0.7319711446762085, 0.7512019276618958, 0.7596153616905212, 0.7896634340286255, 0.7728365659713745, 0.78125, 0.7800480723381042, 0.8112980723381042, 0.8185096383094788, 0.8088942170143127, 0.7932692170143127, 0.8052884340286255, 0.8185096383094788, 0.8161057829856873, 0.8209134340286255, 0.8413461446762085, 0.8197115659713745, 0.8473557829856873, 0.832932710647583, 0.8557692170143127, 0.8341346383094788, 0.8822115659713745, 0.8774038553237915, 0.8461538553237915], "val_loss": [0.5381425023078918, 0.5350696444511414, 0.5133431553840637, 0.5220357775688171, 0.517613410949707, 0.5144832134246826, 0.4903937876224518, 0.5217282176017761, 0.49364718794822693, 0.49337050318717957, 0.5514156222343445, 0.48546114563941956, 0.4701574742794037, 0.6080361008644104, 0.5030789971351624, 0.48363423347473145, 0.4993790090084076, 0.4674326479434967, 0.6651684045791626, 0.46062812209129333, 0.5347287058830261, 0.48212745785713196, 0.5633253455162048, 0.4370161294937134, 0.47674575448036194, 0.47609567642211914, 0.5228286385536194, 0.5041212439537048, 0.48265203833580017, 0.508467972278595, 0.4829791486263275, 0.4761521816253662, 0.4783035218715668, 0.48439112305641174, 0.5003024935722351, 0.5194201469421387, 0.5030323266983032, 0.5359206199645996, 0.4747453033924103, 0.5814998149871826, 0.5601915717124939, 0.652816116809845, 0.6607761979103088, 0.5394095778465271], "val_accuracy": [0.734375, 0.7135416865348816, 0.7135416865348816, 0.75, 0.734375, 0.7135416865348816, 0.71875, 0.7239583134651184, 0.7552083134651184, 0.7291666865348816, 0.71875, 0.71875, 0.765625, 0.6927083134651184, 0.734375, 0.7447916865348816, 0.71875, 0.7447916865348816, 0.6614583134651184, 0.75, 0.75, 0.7447916865348816, 0.6979166865348816, 0.7760416865348816, 0.7552083134651184, 0.75, 0.7447916865348816, 0.7552083134651184, 0.7916666865348816, 0.7239583134651184, 0.7604166865348816, 0.7864583134651184, 0.7552083134651184, 0.7708333134651184, 0.7604166865348816, 0.7760416865348816, 0.765625, 0.765625, 0.796875, 0.7708333134651184, 0.75, 0.7708333134651184, 0.7760416865348816, 0.796875]}